{
  "rouge_l_avg": 0.5069841269841271,
  "rouge_l_max": 0.5069841269841271,
  "rouge_l_min": 0.5069841269841271
}