{
  "rouge_l_avg": 0.028148148148148148,
  "rouge_l_max": 0.028148148148148148,
  "rouge_l_min": 0.028148148148148148,
  "note": "Scores are None if no PR has ground-truth comments available"
}